/*
Navicat MySQL Data Transfer

Source Server         : GYQ
Source Server Version : 50715
Source Host           : localhost:3306
Source Database       : watchdb

Target Server Type    : MYSQL
Target Server Version : 50715
File Encoding         : 65001

Date: 2017-03-27 09:23:56
*/

SET FOREIGN_KEY_CHECKS=0;

-- ----------------------------
-- Table structure for p_brand
-- ----------------------------
DROP TABLE IF EXISTS `p_brand`;
CREATE TABLE `p_brand` (
  `b_id` int(11) NOT NULL AUTO_INCREMENT COMMENT '品牌ID',
  `b_des` varchar(255) DEFAULT NULL COMMENT '手表品牌',
  PRIMARY KEY (`b_id`)
) ENGINE=InnoDB AUTO_INCREMENT=42 DEFAULT CHARSET=utf8;

-- ----------------------------
-- Records of p_brand
-- ----------------------------
INSERT INTO `p_brand` VALUES ('1', '劳力士');
INSERT INTO `p_brand` VALUES ('2', '欧米茄');
INSERT INTO `p_brand` VALUES ('3', '万国');
INSERT INTO `p_brand` VALUES ('4', '百达翡丽');
INSERT INTO `p_brand` VALUES ('5', '朗格');
INSERT INTO `p_brand` VALUES ('6', '宝珀');
INSERT INTO `p_brand` VALUES ('7', '江诗丹顿');
INSERT INTO `p_brand` VALUES ('8', '宝玑');
INSERT INTO `p_brand` VALUES ('9', '积家');
INSERT INTO `p_brand` VALUES ('10', '爱彼');
INSERT INTO `p_brand` VALUES ('11', '卡地亚');
INSERT INTO `p_brand` VALUES ('12', '伯爵');
INSERT INTO `p_brand` VALUES ('13', '里查德米尔');
INSERT INTO `p_brand` VALUES ('14', '格拉苏蒂');
INSERT INTO `p_brand` VALUES ('15', '帕玛强尼');
INSERT INTO `p_brand` VALUES ('16', '芝柏');
INSERT INTO `p_brand` VALUES ('17', '雅典');
INSERT INTO `p_brand` VALUES ('18', '法穆兰');
INSERT INTO `p_brand` VALUES ('19', '雅克德罗');
INSERT INTO `p_brand` VALUES ('20', '宝格丽');
INSERT INTO `p_brand` VALUES ('21', '真力时');
INSERT INTO `p_brand` VALUES ('22', '宇舶');
INSERT INTO `p_brand` VALUES ('23', '沛纳海');
INSERT INTO `p_brand` VALUES ('24', '百年灵');
INSERT INTO `p_brand` VALUES ('25', '萧邦');
INSERT INTO `p_brand` VALUES ('26', '昆仑');
INSERT INTO `p_brand` VALUES ('27', '伯莱士');
INSERT INTO `p_brand` VALUES ('28', '浪琴');
INSERT INTO `p_brand` VALUES ('29', '万宝龙');
INSERT INTO `p_brand` VALUES ('30', '泰格豪雅');
INSERT INTO `p_brand` VALUES ('31', '帝舵');
INSERT INTO `p_brand` VALUES ('32', 'NOMOS');
INSERT INTO `p_brand` VALUES ('33', '爱马仕');
INSERT INTO `p_brand` VALUES ('34', '迪奥');
INSERT INTO `p_brand` VALUES ('35', '香奈儿');
INSERT INTO `p_brand` VALUES ('36', '古驰');
INSERT INTO `p_brand` VALUES ('37', '蒂芙尼');
INSERT INTO `p_brand` VALUES ('38', '美度');
INSERT INTO `p_brand` VALUES ('39', '天梭');
INSERT INTO `p_brand` VALUES ('40', '摩凡陀');
INSERT INTO `p_brand` VALUES ('41', '精工');

-- ----------------------------
-- Table structure for p_core
-- ----------------------------
DROP TABLE IF EXISTS `p_core`;
CREATE TABLE `p_core` (
  `c_id` int(11) NOT NULL AUTO_INCREMENT COMMENT '机芯ID',
  `c_des` varchar(255) DEFAULT NULL COMMENT '机芯型号',
  PRIMARY KEY (`c_id`)
) ENGINE=InnoDB AUTO_INCREMENT=8 DEFAULT CHARSET=utf8;

-- ----------------------------
-- Records of p_core
-- ----------------------------
INSERT INTO `p_core` VALUES ('1', '瑞士ETA2892机芯');
INSERT INTO `p_core` VALUES ('2', '瑞士ETA2824-2机芯');
INSERT INTO `p_core` VALUES ('3', '瑞士ETA6497机芯');
INSERT INTO `p_core` VALUES ('4', '瑞士ETA7750机芯');
INSERT INTO `p_core` VALUES ('5', '改装浪琴Cal.L687机芯');
INSERT INTO `p_core` VALUES ('6', '海鸥仿ETA2824机芯');
INSERT INTO `p_core` VALUES ('7', ' 海鸥仿ETA2836-1机芯');

-- ----------------------------
-- Table structure for p_material
-- ----------------------------
DROP TABLE IF EXISTS `p_material`;
CREATE TABLE `p_material` (
  `m_id` int(11) NOT NULL AUTO_INCREMENT COMMENT '材质ID',
  `m_des` varchar(255) DEFAULT NULL COMMENT '材质描述',
  PRIMARY KEY (`m_id`)
) ENGINE=InnoDB AUTO_INCREMENT=8 DEFAULT CHARSET=utf8;

-- ----------------------------
-- Records of p_material
-- ----------------------------
INSERT INTO `p_material` VALUES ('1', '361L精钢表壳');
INSERT INTO `p_material` VALUES ('2', '904L精钢表壳');
INSERT INTO `p_material` VALUES ('3', '陶瓷表壳');
INSERT INTO `p_material` VALUES ('4', '玫瑰金表壳');
INSERT INTO `p_material` VALUES ('5', '钛合金表壳');
INSERT INTO `p_material` VALUES ('6', '包金表壳');
INSERT INTO `p_material` VALUES ('7', '镀金表壳');

-- ----------------------------
-- Table structure for p_origin
-- ----------------------------
DROP TABLE IF EXISTS `p_origin`;
CREATE TABLE `p_origin` (
  `o_id` int(11) NOT NULL AUTO_INCREMENT COMMENT '产地',
  `o_des` varchar(255) DEFAULT '中国' COMMENT '产地',
  PRIMARY KEY (`o_id`)
) ENGINE=InnoDB AUTO_INCREMENT=6 DEFAULT CHARSET=utf8;

-- ----------------------------
-- Records of p_origin
-- ----------------------------
INSERT INTO `p_origin` VALUES ('1', '中国');
INSERT INTO `p_origin` VALUES ('2', '瑞士');
INSERT INTO `p_origin` VALUES ('3', '日本');
INSERT INTO `p_origin` VALUES ('4', '台湾');
INSERT INTO `p_origin` VALUES ('5', '香港');

-- ----------------------------
-- Table structure for p_style
-- ----------------------------
DROP TABLE IF EXISTS `p_style`;
CREATE TABLE `p_style` (
  `s_id` int(11) NOT NULL AUTO_INCREMENT COMMENT '风格ID',
  `s_des` varchar(255) DEFAULT NULL COMMENT '风格',
  PRIMARY KEY (`s_id`)
) ENGINE=InnoDB AUTO_INCREMENT=7 DEFAULT CHARSET=utf8;

-- ----------------------------
-- Records of p_style
-- ----------------------------
INSERT INTO `p_style` VALUES ('1', '休闲');
INSERT INTO `p_style` VALUES ('2', '商务');
INSERT INTO `p_style` VALUES ('3', '潜水');
INSERT INTO `p_style` VALUES ('4', '时尚');
INSERT INTO `p_style` VALUES ('5', '运动');
INSERT INTO `p_style` VALUES ('6', '古典');

-- ----------------------------
-- Table structure for p_watch
-- ----------------------------
DROP TABLE IF EXISTS `p_watch`;
CREATE TABLE `p_watch` (
  `w_id` int(11) NOT NULL AUTO_INCREMENT COMMENT '手表ID',
  `b_id` int(11) DEFAULT NULL COMMENT '手表品牌ID',
  `w_price` double DEFAULT NULL COMMENT '手表价格',
  `w_type` varchar(100) DEFAULT '男款' COMMENT '手表款式',
  `w_size` int(11) DEFAULT NULL COMMENT '表盘大小',
  `w_colour` varchar(100) DEFAULT NULL COMMENT '表盘颜色',
  `w_des` varchar(600) DEFAULT NULL COMMENT '手表描述',
  `m_id` int(11) DEFAULT NULL COMMENT '表壳材质ID',
  `w_lens` varchar(100) DEFAULT '蓝宝石镜面' COMMENT '表镜材质',
  `w_function` varchar(255) DEFAULT NULL COMMENT '手表功能',
  `c_id` int(11) DEFAULT NULL COMMENT '手表机芯型号ID',
  `o_id` int(100) DEFAULT '1' COMMENT '机芯产地',
  `w_image` varchar(600) DEFAULT NULL COMMENT '手表图片路径',
  `s_id` int(11) DEFAULT NULL COMMENT '手表风格',
  `w_title` varchar(60) DEFAULT NULL COMMENT '手表标题',
  PRIMARY KEY (`w_id`)
) ENGINE=InnoDB AUTO_INCREMENT=1068 DEFAULT CHARSET=utf8;

-- ----------------------------
-- Records of p_watch
-- ----------------------------
INSERT INTO `p_watch` VALUES ('848', '1', '1239', '男款', '33', '银色', '劳力士机械男表 性价比无敌 顶级复刻 ', '6', '蓝宝石', '三针计时', '1', '1', 'uploads/images/2017-03-24/1490354931818.jpg', '1', '劳力士日志款机械男表');
INSERT INTO `p_watch` VALUES ('849', '4', '2129', '男款', '32', '银色', '百达翡丽机械男表多功能复杂计时', '1', '蓝宝石', '多功能复杂计时间', '4', '1', 'uploads/images/2017-03-24/1490355239254.jpg', '2', '百达翡丽机械男表');
INSERT INTO `p_watch` VALUES ('850', '10', '2312', '男款', '34', '银色', '运动橡胶表带 完美复刻  搭载复刻机芯', '2', '蓝宝石', '三针计时', '6', '2', 'uploads/images/2017-03-24/1490355710849.jpg', '1', '爱彼皇家橡树系列');
INSERT INTO `p_watch` VALUES ('851', '2', '3212', '男款', '33', '白色', '欧米茄复刻定制级别  多功能计时', '1', '蓝宝石', '三针多功能计时', '1', '1', 'uploads/images/2017-03-24/1490356101722.jpg', '2', '欧米茄定制级别复刻表');
INSERT INTO `p_watch` VALUES ('852', '11', '3212', '男款', '33', '金色', '卡地亚山度士系列 金典复刻 定制组装', '3', '蓝宝石', '多功能计时', '1', '4', 'uploads/images/2017-03-24/1490356602438.jpg', '4', '卡地亚山度士金典系列');
INSERT INTO `p_watch` VALUES ('853', '3', '1323', '男款', '34', '银色', '万国定制机械男表 真钻包金！', '5', '蓝宝石', '多功能计时', '5', '4', 'uploads/images/2017-03-24/1490356935528.jpg', '2', '万国定制机械男表');
INSERT INTO `p_watch` VALUES ('854', '7', '3431', '男款', '33', '银色', '完美定制复刻', '3', '蓝宝石', '手表三针计时', '3', '4', 'uploads/images/2017-03-24/1490357156555.jpg', '4', '江诗丹顿正品套壳');
INSERT INTO `p_watch` VALUES ('855', '9', '3210', '男款', '31', '银白', '积家正品套壳 无敌复刻 定制复刻 表带商务', '6', '蓝宝石', '三针计时', '5', '5', 'uploads/images/2017-03-24/1490357464653.jpg', '4', '积家三针计时');
INSERT INTO `p_watch` VALUES ('856', '28', '3213', '男款', '34', '银白色', '复刻定制 搭载自动机械2892机芯 可独家定制', '1', '蓝宝石', '多功能计时', '3', '3', 'uploads/images/2017-03-24/1490357584128.jpg', '2', '浪琴名匠金典系列机械');
INSERT INTO `p_watch` VALUES ('857', '21', '3421', '男款', '33', '青铜白盘', '这是个描述！', '4', '蓝宝石', '简单三针计时', '5', '4', 'uploads/images/2017-03-24/1490357698162.jpg', '1', '真力时青铜飞行员系列');
INSERT INTO `p_watch` VALUES ('858', '38', '1750', '男款', '33', '银白', '机械男表！入门机械', '2', '蓝宝石', '简单三针计时日历显示', '3', '2', 'uploads/images/2017-03-24/1490357804572.jpg', '1', '商务休闲美度贝伦赛丽系列男表');
INSERT INTO `p_watch` VALUES ('859', '1', '1239', '男款', '33', '银色', '劳力士机械男表 性价比无敌 顶级复刻 ', '6', '蓝宝石', '三针计时', '1', '1', 'uploads/images/2017-03-24/1490354931818.jpg', '1', '劳力士日志款机械男表');
INSERT INTO `p_watch` VALUES ('860', '4', '2129', '男款', '32', '银色', '百达翡丽机械男表多功能复杂计时', '1', '蓝宝石', '多功能复杂计时间', '4', '1', 'uploads/images/2017-03-24/1490355239254.jpg', '2', '百达翡丽机械男表');
INSERT INTO `p_watch` VALUES ('861', '10', '2312', '男款', '34', '银色', '运动橡胶表带 完美复刻  搭载复刻机芯', '2', '蓝宝石', '三针计时', '6', '2', 'uploads/images/2017-03-24/1490355710849.jpg', '1', '爱彼皇家橡树系列');
INSERT INTO `p_watch` VALUES ('862', '2', '3212', '男款', '33', '白色', '欧米茄复刻定制级别  多功能计时', '1', '蓝宝石', '三针多功能计时', '1', '1', 'uploads/images/2017-03-24/1490356101722.jpg', '2', '欧米茄定制级别复刻表');
INSERT INTO `p_watch` VALUES ('863', '11', '3212', '男款', '33', '金色', '卡地亚山度士系列 金典复刻 定制组装', '3', '蓝宝石', '多功能计时', '1', '4', 'uploads/images/2017-03-24/1490356602438.jpg', '4', '卡地亚山度士金典系列');
INSERT INTO `p_watch` VALUES ('864', '3', '1323', '男款', '34', '银色', '万国定制机械男表 真钻包金！', '5', '蓝宝石', '多功能计时', '5', '4', 'uploads/images/2017-03-24/1490356935528.jpg', '2', '万国定制机械男表');
INSERT INTO `p_watch` VALUES ('865', '7', '3431', '男款', '33', '银色', '完美定制复刻', '3', '蓝宝石', '手表三针计时', '3', '4', 'uploads/images/2017-03-24/1490357156555.jpg', '4', '江诗丹顿正品套壳');
INSERT INTO `p_watch` VALUES ('866', '9', '3210', '男款', '31', '银白', '积家正品套壳 无敌复刻 定制复刻 表带商务', '6', '蓝宝石', '三针计时', '5', '5', 'uploads/images/2017-03-24/1490357464653.jpg', '4', '积家三针计时');
INSERT INTO `p_watch` VALUES ('867', '28', '3213', '男款', '34', '银白色', '复刻定制 搭载自动机械2892机芯 可独家定制', '1', '蓝宝石', '多功能计时', '3', '3', 'uploads/images/2017-03-24/1490357584128.jpg', '2', '浪琴名匠金典系列机械');
INSERT INTO `p_watch` VALUES ('868', '21', '3421', '男款', '33', '青铜白盘', '这是个描述！', '4', '蓝宝石', '简单三针计时', '5', '4', 'uploads/images/2017-03-24/1490357698162.jpg', '1', '真力时青铜飞行员系列');
INSERT INTO `p_watch` VALUES ('869', '38', '1750', '男款', '33', '银白', '机械男表！入门机械', '2', '蓝宝石', '简单三针计时日历显示', '3', '2', 'uploads/images/2017-03-24/1490357804572.jpg', '1', '商务休闲美度贝伦赛丽系列男表');
INSERT INTO `p_watch` VALUES ('870', '1', '1239', '男款', '33', '银色', '劳力士机械男表 性价比无敌 顶级复刻 ', '6', '蓝宝石', '三针计时', '1', '1', 'uploads/images/2017-03-24/1490354931818.jpg', '1', '劳力士日志款机械男表');
INSERT INTO `p_watch` VALUES ('871', '4', '2129', '男款', '32', '银色', '百达翡丽机械男表多功能复杂计时', '1', '蓝宝石', '多功能复杂计时间', '4', '1', 'uploads/images/2017-03-24/1490355239254.jpg', '2', '百达翡丽机械男表');
INSERT INTO `p_watch` VALUES ('872', '10', '2312', '男款', '34', '银色', '运动橡胶表带 完美复刻  搭载复刻机芯', '2', '蓝宝石', '三针计时', '6', '2', 'uploads/images/2017-03-24/1490355710849.jpg', '1', '爱彼皇家橡树系列');
INSERT INTO `p_watch` VALUES ('873', '2', '3212', '男款', '33', '白色', '欧米茄复刻定制级别  多功能计时', '1', '蓝宝石', '三针多功能计时', '1', '1', 'uploads/images/2017-03-24/1490356101722.jpg', '2', '欧米茄定制级别复刻表');
INSERT INTO `p_watch` VALUES ('874', '11', '3212', '男款', '33', '金色', '卡地亚山度士系列 金典复刻 定制组装', '3', '蓝宝石', '多功能计时', '1', '4', 'uploads/images/2017-03-24/1490356602438.jpg', '4', '卡地亚山度士金典系列');
INSERT INTO `p_watch` VALUES ('875', '3', '1323', '男款', '34', '银色', '万国定制机械男表 真钻包金！', '5', '蓝宝石', '多功能计时', '5', '4', 'uploads/images/2017-03-24/1490356935528.jpg', '2', '万国定制机械男表');
INSERT INTO `p_watch` VALUES ('876', '7', '3431', '男款', '33', '银色', '完美定制复刻', '3', '蓝宝石', '手表三针计时', '3', '4', 'uploads/images/2017-03-24/1490357156555.jpg', '4', '江诗丹顿正品套壳');
INSERT INTO `p_watch` VALUES ('877', '9', '3210', '男款', '31', '银白', '积家正品套壳 无敌复刻 定制复刻 表带商务', '6', '蓝宝石', '三针计时', '5', '5', 'uploads/images/2017-03-24/1490357464653.jpg', '4', '积家三针计时');
INSERT INTO `p_watch` VALUES ('878', '28', '3213', '男款', '34', '银白色', '复刻定制 搭载自动机械2892机芯 可独家定制', '1', '蓝宝石', '多功能计时', '3', '3', 'uploads/images/2017-03-24/1490357584128.jpg', '2', '浪琴名匠金典系列机械');
INSERT INTO `p_watch` VALUES ('879', '21', '3421', '男款', '33', '青铜白盘', '这是个描述！', '4', '蓝宝石', '简单三针计时', '5', '4', 'uploads/images/2017-03-24/1490357698162.jpg', '1', '真力时青铜飞行员系列');
INSERT INTO `p_watch` VALUES ('880', '38', '1750', '男款', '33', '银白', '机械男表！入门机械', '2', '蓝宝石', '简单三针计时日历显示', '3', '2', 'uploads/images/2017-03-24/1490357804572.jpg', '1', '商务休闲美度贝伦赛丽系列男表');
INSERT INTO `p_watch` VALUES ('881', '1', '1239', '男款', '33', '银色', '劳力士机械男表 性价比无敌 顶级复刻 ', '6', '蓝宝石', '三针计时', '1', '1', 'uploads/images/2017-03-24/1490354931818.jpg', '1', '劳力士日志款机械男表');
INSERT INTO `p_watch` VALUES ('882', '4', '2129', '男款', '32', '银色', '百达翡丽机械男表多功能复杂计时', '1', '蓝宝石', '多功能复杂计时间', '4', '1', 'uploads/images/2017-03-24/1490355239254.jpg', '2', '百达翡丽机械男表');
INSERT INTO `p_watch` VALUES ('883', '10', '2312', '男款', '34', '银色', '运动橡胶表带 完美复刻  搭载复刻机芯', '2', '蓝宝石', '三针计时', '6', '2', 'uploads/images/2017-03-24/1490355710849.jpg', '1', '爱彼皇家橡树系列');
INSERT INTO `p_watch` VALUES ('884', '2', '3212', '男款', '33', '白色', '欧米茄复刻定制级别  多功能计时', '1', '蓝宝石', '三针多功能计时', '1', '1', 'uploads/images/2017-03-24/1490356101722.jpg', '2', '欧米茄定制级别复刻表');
INSERT INTO `p_watch` VALUES ('885', '11', '3212', '男款', '33', '金色', '卡地亚山度士系列 金典复刻 定制组装', '3', '蓝宝石', '多功能计时', '1', '4', 'uploads/images/2017-03-24/1490356602438.jpg', '4', '卡地亚山度士金典系列');
INSERT INTO `p_watch` VALUES ('886', '3', '1323', '男款', '34', '银色', '万国定制机械男表 真钻包金！', '5', '蓝宝石', '多功能计时', '5', '4', 'uploads/images/2017-03-24/1490356935528.jpg', '2', '万国定制机械男表');
INSERT INTO `p_watch` VALUES ('887', '7', '3431', '男款', '33', '银色', '完美定制复刻', '3', '蓝宝石', '手表三针计时', '3', '4', 'uploads/images/2017-03-24/1490357156555.jpg', '4', '江诗丹顿正品套壳');
INSERT INTO `p_watch` VALUES ('888', '9', '3210', '男款', '31', '银白', '积家正品套壳 无敌复刻 定制复刻 表带商务', '6', '蓝宝石', '三针计时', '5', '5', 'uploads/images/2017-03-24/1490357464653.jpg', '4', '积家三针计时');
INSERT INTO `p_watch` VALUES ('889', '28', '3213', '男款', '34', '银白色', '复刻定制 搭载自动机械2892机芯 可独家定制', '1', '蓝宝石', '多功能计时', '3', '3', 'uploads/images/2017-03-24/1490357584128.jpg', '2', '浪琴名匠金典系列机械');
INSERT INTO `p_watch` VALUES ('890', '21', '3421', '男款', '33', '青铜白盘', '这是个描述！', '4', '蓝宝石', '简单三针计时', '5', '4', 'uploads/images/2017-03-24/1490357698162.jpg', '1', '真力时青铜飞行员系列');
INSERT INTO `p_watch` VALUES ('891', '38', '1750', '男款', '33', '银白', '机械男表！入门机械', '2', '蓝宝石', '简单三针计时日历显示', '3', '2', 'uploads/images/2017-03-24/1490357804572.jpg', '1', '商务休闲美度贝伦赛丽系列男表');
INSERT INTO `p_watch` VALUES ('892', '1', '1239', '男款', '33', '银色', '劳力士机械男表 性价比无敌 顶级复刻 ', '6', '蓝宝石', '三针计时', '1', '1', 'uploads/images/2017-03-24/1490354931818.jpg', '1', '劳力士日志款机械男表');
INSERT INTO `p_watch` VALUES ('893', '4', '2129', '男款', '32', '银色', '百达翡丽机械男表多功能复杂计时', '1', '蓝宝石', '多功能复杂计时间', '4', '1', 'uploads/images/2017-03-24/1490355239254.jpg', '2', '百达翡丽机械男表');
INSERT INTO `p_watch` VALUES ('894', '10', '2312', '男款', '34', '银色', '运动橡胶表带 完美复刻  搭载复刻机芯', '2', '蓝宝石', '三针计时', '6', '2', 'uploads/images/2017-03-24/1490355710849.jpg', '1', '爱彼皇家橡树系列');
INSERT INTO `p_watch` VALUES ('895', '2', '3212', '男款', '33', '白色', '欧米茄复刻定制级别  多功能计时', '1', '蓝宝石', '三针多功能计时', '1', '1', 'uploads/images/2017-03-24/1490356101722.jpg', '2', '欧米茄定制级别复刻表');
INSERT INTO `p_watch` VALUES ('896', '11', '3212', '男款', '33', '金色', '卡地亚山度士系列 金典复刻 定制组装', '3', '蓝宝石', '多功能计时', '1', '4', 'uploads/images/2017-03-24/1490356602438.jpg', '4', '卡地亚山度士金典系列');
INSERT INTO `p_watch` VALUES ('897', '3', '1323', '男款', '34', '银色', '万国定制机械男表 真钻包金！', '5', '蓝宝石', '多功能计时', '5', '4', 'uploads/images/2017-03-24/1490356935528.jpg', '2', '万国定制机械男表');
INSERT INTO `p_watch` VALUES ('898', '7', '3431', '男款', '33', '银色', '完美定制复刻', '3', '蓝宝石', '手表三针计时', '3', '4', 'uploads/images/2017-03-24/1490357156555.jpg', '4', '江诗丹顿正品套壳');
INSERT INTO `p_watch` VALUES ('899', '9', '3210', '男款', '31', '银白', '积家正品套壳 无敌复刻 定制复刻 表带商务', '6', '蓝宝石', '三针计时', '5', '5', 'uploads/images/2017-03-24/1490357464653.jpg', '4', '积家三针计时');
INSERT INTO `p_watch` VALUES ('900', '28', '3213', '男款', '34', '银白色', '复刻定制 搭载自动机械2892机芯 可独家定制', '1', '蓝宝石', '多功能计时', '3', '3', 'uploads/images/2017-03-24/1490357584128.jpg', '2', '浪琴名匠金典系列机械');
INSERT INTO `p_watch` VALUES ('901', '21', '3421', '男款', '33', '青铜白盘', '这是个描述！', '4', '蓝宝石', '简单三针计时', '5', '4', 'uploads/images/2017-03-24/1490357698162.jpg', '1', '真力时青铜飞行员系列');
INSERT INTO `p_watch` VALUES ('902', '38', '1750', '男款', '33', '银白', '机械男表！入门机械', '2', '蓝宝石', '简单三针计时日历显示', '3', '2', 'uploads/images/2017-03-24/1490357804572.jpg', '1', '商务休闲美度贝伦赛丽系列男表');
INSERT INTO `p_watch` VALUES ('903', '1', '1239', '男款', '33', '银色', '劳力士机械男表 性价比无敌 顶级复刻 ', '6', '蓝宝石', '三针计时', '1', '1', 'uploads/images/2017-03-24/1490354931818.jpg', '1', '劳力士日志款机械男表');
INSERT INTO `p_watch` VALUES ('904', '4', '2129', '男款', '32', '银色', '百达翡丽机械男表多功能复杂计时', '1', '蓝宝石', '多功能复杂计时间', '4', '1', 'uploads/images/2017-03-24/1490355239254.jpg', '2', '百达翡丽机械男表');
INSERT INTO `p_watch` VALUES ('905', '10', '2312', '男款', '34', '银色', '运动橡胶表带 完美复刻  搭载复刻机芯', '2', '蓝宝石', '三针计时', '6', '2', 'uploads/images/2017-03-24/1490355710849.jpg', '1', '爱彼皇家橡树系列');
INSERT INTO `p_watch` VALUES ('906', '2', '3212', '男款', '33', '白色', '欧米茄复刻定制级别  多功能计时', '1', '蓝宝石', '三针多功能计时', '1', '1', 'uploads/images/2017-03-24/1490356101722.jpg', '2', '欧米茄定制级别复刻表');
INSERT INTO `p_watch` VALUES ('907', '11', '3212', '男款', '33', '金色', '卡地亚山度士系列 金典复刻 定制组装', '3', '蓝宝石', '多功能计时', '1', '4', 'uploads/images/2017-03-24/1490356602438.jpg', '4', '卡地亚山度士金典系列');
INSERT INTO `p_watch` VALUES ('908', '3', '1323', '男款', '34', '银色', '万国定制机械男表 真钻包金！', '5', '蓝宝石', '多功能计时', '5', '4', 'uploads/images/2017-03-24/1490356935528.jpg', '2', '万国定制机械男表');
INSERT INTO `p_watch` VALUES ('909', '7', '3431', '男款', '33', '银色', '完美定制复刻', '3', '蓝宝石', '手表三针计时', '3', '4', 'uploads/images/2017-03-24/1490357156555.jpg', '4', '江诗丹顿正品套壳');
INSERT INTO `p_watch` VALUES ('910', '9', '3210', '男款', '31', '银白', '积家正品套壳 无敌复刻 定制复刻 表带商务', '6', '蓝宝石', '三针计时', '5', '5', 'uploads/images/2017-03-24/1490357464653.jpg', '4', '积家三针计时');
INSERT INTO `p_watch` VALUES ('911', '28', '3213', '男款', '34', '银白色', '复刻定制 搭载自动机械2892机芯 可独家定制', '1', '蓝宝石', '多功能计时', '3', '3', 'uploads/images/2017-03-24/1490357584128.jpg', '2', '浪琴名匠金典系列机械');
INSERT INTO `p_watch` VALUES ('912', '21', '3421', '男款', '33', '青铜白盘', '这是个描述！', '4', '蓝宝石', '简单三针计时', '5', '4', 'uploads/images/2017-03-24/1490357698162.jpg', '1', '真力时青铜飞行员系列');
INSERT INTO `p_watch` VALUES ('913', '38', '1750', '男款', '33', '银白', '机械男表！入门机械', '2', '蓝宝石', '简单三针计时日历显示', '3', '2', 'uploads/images/2017-03-24/1490357804572.jpg', '1', '商务休闲美度贝伦赛丽系列男表');
INSERT INTO `p_watch` VALUES ('914', '1', '1239', '男款', '33', '银色', '劳力士机械男表 性价比无敌 顶级复刻 ', '6', '蓝宝石', '三针计时', '1', '1', 'uploads/images/2017-03-24/1490354931818.jpg', '1', '劳力士日志款机械男表');
INSERT INTO `p_watch` VALUES ('915', '4', '2129', '男款', '32', '银色', '百达翡丽机械男表多功能复杂计时', '1', '蓝宝石', '多功能复杂计时间', '4', '1', 'uploads/images/2017-03-24/1490355239254.jpg', '2', '百达翡丽机械男表');
INSERT INTO `p_watch` VALUES ('916', '10', '2312', '男款', '34', '银色', '运动橡胶表带 完美复刻  搭载复刻机芯', '2', '蓝宝石', '三针计时', '6', '2', 'uploads/images/2017-03-24/1490355710849.jpg', '1', '爱彼皇家橡树系列');
INSERT INTO `p_watch` VALUES ('917', '2', '3212', '男款', '33', '白色', '欧米茄复刻定制级别  多功能计时', '1', '蓝宝石', '三针多功能计时', '1', '1', 'uploads/images/2017-03-24/1490356101722.jpg', '2', '欧米茄定制级别复刻表');
INSERT INTO `p_watch` VALUES ('918', '11', '3212', '男款', '33', '金色', '卡地亚山度士系列 金典复刻 定制组装', '3', '蓝宝石', '多功能计时', '1', '4', 'uploads/images/2017-03-24/1490356602438.jpg', '4', '卡地亚山度士金典系列');
INSERT INTO `p_watch` VALUES ('919', '3', '1323', '男款', '34', '银色', '万国定制机械男表 真钻包金！', '5', '蓝宝石', '多功能计时', '5', '4', 'uploads/images/2017-03-24/1490356935528.jpg', '2', '万国定制机械男表');
INSERT INTO `p_watch` VALUES ('920', '7', '3431', '男款', '33', '银色', '完美定制复刻', '3', '蓝宝石', '手表三针计时', '3', '4', 'uploads/images/2017-03-24/1490357156555.jpg', '4', '江诗丹顿正品套壳');
INSERT INTO `p_watch` VALUES ('921', '9', '3210', '男款', '31', '银白', '积家正品套壳 无敌复刻 定制复刻 表带商务', '6', '蓝宝石', '三针计时', '5', '5', 'uploads/images/2017-03-24/1490357464653.jpg', '4', '积家三针计时');
INSERT INTO `p_watch` VALUES ('922', '28', '3213', '男款', '34', '银白色', '复刻定制 搭载自动机械2892机芯 可独家定制', '1', '蓝宝石', '多功能计时', '3', '3', 'uploads/images/2017-03-24/1490357584128.jpg', '2', '浪琴名匠金典系列机械');
INSERT INTO `p_watch` VALUES ('923', '21', '3421', '男款', '33', '青铜白盘', '这是个描述！', '4', '蓝宝石', '简单三针计时', '5', '4', 'uploads/images/2017-03-24/1490357698162.jpg', '1', '真力时青铜飞行员系列');
INSERT INTO `p_watch` VALUES ('924', '38', '1750', '男款', '33', '银白', '机械男表！入门机械', '2', '蓝宝石', '简单三针计时日历显示', '3', '2', 'uploads/images/2017-03-24/1490357804572.jpg', '1', '商务休闲美度贝伦赛丽系列男表');
INSERT INTO `p_watch` VALUES ('925', '1', '1239', '男款', '33', '银色', '劳力士机械男表 性价比无敌 顶级复刻 ', '6', '蓝宝石', '三针计时', '1', '1', 'uploads/images/2017-03-24/1490354931818.jpg', '1', '劳力士日志款机械男表');
INSERT INTO `p_watch` VALUES ('926', '4', '2129', '男款', '32', '银色', '百达翡丽机械男表多功能复杂计时', '1', '蓝宝石', '多功能复杂计时间', '4', '1', 'uploads/images/2017-03-24/1490355239254.jpg', '2', '百达翡丽机械男表');
INSERT INTO `p_watch` VALUES ('927', '10', '2312', '男款', '34', '银色', '运动橡胶表带 完美复刻  搭载复刻机芯', '2', '蓝宝石', '三针计时', '6', '2', 'uploads/images/2017-03-24/1490355710849.jpg', '1', '爱彼皇家橡树系列');
INSERT INTO `p_watch` VALUES ('928', '2', '3212', '男款', '33', '白色', '欧米茄复刻定制级别  多功能计时', '1', '蓝宝石', '三针多功能计时', '1', '1', 'uploads/images/2017-03-24/1490356101722.jpg', '2', '欧米茄定制级别复刻表');
INSERT INTO `p_watch` VALUES ('929', '11', '3212', '男款', '33', '金色', '卡地亚山度士系列 金典复刻 定制组装', '3', '蓝宝石', '多功能计时', '1', '4', 'uploads/images/2017-03-24/1490356602438.jpg', '4', '卡地亚山度士金典系列');
INSERT INTO `p_watch` VALUES ('930', '3', '1323', '男款', '34', '银色', '万国定制机械男表 真钻包金！', '5', '蓝宝石', '多功能计时', '5', '4', 'uploads/images/2017-03-24/1490356935528.jpg', '2', '万国定制机械男表');
INSERT INTO `p_watch` VALUES ('931', '7', '3431', '男款', '33', '银色', '完美定制复刻', '3', '蓝宝石', '手表三针计时', '3', '4', 'uploads/images/2017-03-24/1490357156555.jpg', '4', '江诗丹顿正品套壳');
INSERT INTO `p_watch` VALUES ('932', '9', '3210', '男款', '31', '银白', '积家正品套壳 无敌复刻 定制复刻 表带商务', '6', '蓝宝石', '三针计时', '5', '5', 'uploads/images/2017-03-24/1490357464653.jpg', '4', '积家三针计时');
INSERT INTO `p_watch` VALUES ('933', '28', '3213', '男款', '34', '银白色', '复刻定制 搭载自动机械2892机芯 可独家定制', '1', '蓝宝石', '多功能计时', '3', '3', 'uploads/images/2017-03-24/1490357584128.jpg', '2', '浪琴名匠金典系列机械');
INSERT INTO `p_watch` VALUES ('934', '21', '3421', '男款', '33', '青铜白盘', '这是个描述！', '4', '蓝宝石', '简单三针计时', '5', '4', 'uploads/images/2017-03-24/1490357698162.jpg', '1', '真力时青铜飞行员系列');
INSERT INTO `p_watch` VALUES ('935', '38', '1750', '男款', '33', '银白', '机械男表！入门机械', '2', '蓝宝石', '简单三针计时日历显示', '3', '2', 'uploads/images/2017-03-24/1490357804572.jpg', '1', '商务休闲美度贝伦赛丽系列男表');
INSERT INTO `p_watch` VALUES ('936', '1', '1239', '男款', '33', '银色', '劳力士机械男表 性价比无敌 顶级复刻 ', '6', '蓝宝石', '三针计时', '1', '1', 'uploads/images/2017-03-24/1490354931818.jpg', '1', '劳力士日志款机械男表');
INSERT INTO `p_watch` VALUES ('937', '4', '2129', '男款', '32', '银色', '百达翡丽机械男表多功能复杂计时', '1', '蓝宝石', '多功能复杂计时间', '4', '1', 'uploads/images/2017-03-24/1490355239254.jpg', '2', '百达翡丽机械男表');
INSERT INTO `p_watch` VALUES ('938', '10', '2312', '男款', '34', '银色', '运动橡胶表带 完美复刻  搭载复刻机芯', '2', '蓝宝石', '三针计时', '6', '2', 'uploads/images/2017-03-24/1490355710849.jpg', '1', '爱彼皇家橡树系列');
INSERT INTO `p_watch` VALUES ('939', '2', '3212', '男款', '33', '白色', '欧米茄复刻定制级别  多功能计时', '1', '蓝宝石', '三针多功能计时', '1', '1', 'uploads/images/2017-03-24/1490356101722.jpg', '2', '欧米茄定制级别复刻表');
INSERT INTO `p_watch` VALUES ('940', '11', '3212', '男款', '33', '金色', '卡地亚山度士系列 金典复刻 定制组装', '3', '蓝宝石', '多功能计时', '1', '4', 'uploads/images/2017-03-24/1490356602438.jpg', '4', '卡地亚山度士金典系列');
INSERT INTO `p_watch` VALUES ('941', '3', '1323', '男款', '34', '银色', '万国定制机械男表 真钻包金！', '5', '蓝宝石', '多功能计时', '5', '4', 'uploads/images/2017-03-24/1490356935528.jpg', '2', '万国定制机械男表');
INSERT INTO `p_watch` VALUES ('942', '7', '3431', '男款', '33', '银色', '完美定制复刻', '3', '蓝宝石', '手表三针计时', '3', '4', 'uploads/images/2017-03-24/1490357156555.jpg', '4', '江诗丹顿正品套壳');
INSERT INTO `p_watch` VALUES ('943', '9', '3210', '男款', '31', '银白', '积家正品套壳 无敌复刻 定制复刻 表带商务', '6', '蓝宝石', '三针计时', '5', '5', 'uploads/images/2017-03-24/1490357464653.jpg', '4', '积家三针计时');
INSERT INTO `p_watch` VALUES ('944', '28', '3213', '男款', '34', '银白色', '复刻定制 搭载自动机械2892机芯 可独家定制', '1', '蓝宝石', '多功能计时', '3', '3', 'uploads/images/2017-03-24/1490357584128.jpg', '2', '浪琴名匠金典系列机械');
INSERT INTO `p_watch` VALUES ('945', '21', '3421', '男款', '33', '青铜白盘', '这是个描述！', '4', '蓝宝石', '简单三针计时', '5', '4', 'uploads/images/2017-03-24/1490357698162.jpg', '1', '真力时青铜飞行员系列');
INSERT INTO `p_watch` VALUES ('946', '38', '1750', '男款', '33', '银白', '机械男表！入门机械', '2', '蓝宝石', '简单三针计时日历显示', '3', '2', 'uploads/images/2017-03-24/1490357804572.jpg', '1', '商务休闲美度贝伦赛丽系列男表');
INSERT INTO `p_watch` VALUES ('947', '1', '1239', '男款', '33', '银色', '劳力士机械男表 性价比无敌 顶级复刻 ', '6', '蓝宝石', '三针计时', '1', '1', 'uploads/images/2017-03-24/1490354931818.jpg', '1', '劳力士日志款机械男表');
INSERT INTO `p_watch` VALUES ('948', '4', '2129', '男款', '32', '银色', '百达翡丽机械男表多功能复杂计时', '1', '蓝宝石', '多功能复杂计时间', '4', '1', 'uploads/images/2017-03-24/1490355239254.jpg', '2', '百达翡丽机械男表');
INSERT INTO `p_watch` VALUES ('949', '10', '2312', '男款', '34', '银色', '运动橡胶表带 完美复刻  搭载复刻机芯', '2', '蓝宝石', '三针计时', '6', '2', 'uploads/images/2017-03-24/1490355710849.jpg', '1', '爱彼皇家橡树系列');
INSERT INTO `p_watch` VALUES ('950', '2', '3212', '男款', '33', '白色', '欧米茄复刻定制级别  多功能计时', '1', '蓝宝石', '三针多功能计时', '1', '1', 'uploads/images/2017-03-24/1490356101722.jpg', '2', '欧米茄定制级别复刻表');
INSERT INTO `p_watch` VALUES ('951', '11', '3212', '男款', '33', '金色', '卡地亚山度士系列 金典复刻 定制组装', '3', '蓝宝石', '多功能计时', '1', '4', 'uploads/images/2017-03-24/1490356602438.jpg', '4', '卡地亚山度士金典系列');
INSERT INTO `p_watch` VALUES ('952', '3', '1323', '男款', '34', '银色', '万国定制机械男表 真钻包金！', '5', '蓝宝石', '多功能计时', '5', '4', 'uploads/images/2017-03-24/1490356935528.jpg', '2', '万国定制机械男表');
INSERT INTO `p_watch` VALUES ('953', '7', '3431', '男款', '33', '银色', '完美定制复刻', '3', '蓝宝石', '手表三针计时', '3', '4', 'uploads/images/2017-03-24/1490357156555.jpg', '4', '江诗丹顿正品套壳');
INSERT INTO `p_watch` VALUES ('954', '9', '3210', '男款', '31', '银白', '积家正品套壳 无敌复刻 定制复刻 表带商务', '6', '蓝宝石', '三针计时', '5', '5', 'uploads/images/2017-03-24/1490357464653.jpg', '4', '积家三针计时');
INSERT INTO `p_watch` VALUES ('955', '28', '3213', '男款', '34', '银白色', '复刻定制 搭载自动机械2892机芯 可独家定制', '1', '蓝宝石', '多功能计时', '3', '3', 'uploads/images/2017-03-24/1490357584128.jpg', '2', '浪琴名匠金典系列机械');
INSERT INTO `p_watch` VALUES ('956', '21', '3421', '男款', '33', '青铜白盘', '这是个描述！', '4', '蓝宝石', '简单三针计时', '5', '4', 'uploads/images/2017-03-24/1490357698162.jpg', '1', '真力时青铜飞行员系列');
INSERT INTO `p_watch` VALUES ('957', '38', '1750', '男款', '33', '银白', '机械男表！入门机械', '2', '蓝宝石', '简单三针计时日历显示', '3', '2', 'uploads/images/2017-03-24/1490357804572.jpg', '1', '商务休闲美度贝伦赛丽系列男表');
INSERT INTO `p_watch` VALUES ('958', '1', '1239', '女款', '33', '银色', '劳力士机械男表 性价比无敌 顶级复刻 ', '6', '蓝宝石', '三针计时', '1', '1', 'uploads/images/2017-03-24/1490354931818.jpg', '1', '劳力士日志款机械男表');
INSERT INTO `p_watch` VALUES ('959', '4', '2129', '女款', '32', '银色', '百达翡丽机械男表多功能复杂计时', '1', '蓝宝石', '多功能复杂计时间', '4', '1', 'uploads/images/2017-03-24/1490355239254.jpg', '2', '百达翡丽机械男表');
INSERT INTO `p_watch` VALUES ('960', '10', '2312', '女款', '34', '银色', '运动橡胶表带 完美复刻  搭载复刻机芯', '2', '蓝宝石', '三针计时', '6', '2', 'uploads/images/2017-03-24/1490355710849.jpg', '1', '爱彼皇家橡树系列');
INSERT INTO `p_watch` VALUES ('961', '2', '3212', '女款', '33', '白色', '欧米茄复刻定制级别  多功能计时', '1', '蓝宝石', '三针多功能计时', '1', '1', 'uploads/images/2017-03-24/1490356101722.jpg', '2', '欧米茄定制级别复刻表');
INSERT INTO `p_watch` VALUES ('962', '11', '3212', '女款', '33', '金色', '卡地亚山度士系列 金典复刻 定制组装', '3', '蓝宝石', '多功能计时', '1', '4', 'uploads/images/2017-03-24/1490356602438.jpg', '4', '卡地亚山度士金典系列');
INSERT INTO `p_watch` VALUES ('963', '3', '1323', '女款', '34', '银色', '万国定制机械男表 真钻包金！', '5', '蓝宝石', '多功能计时', '5', '4', 'uploads/images/2017-03-24/1490356935528.jpg', '2', '万国定制机械男表');
INSERT INTO `p_watch` VALUES ('964', '7', '3431', '女款', '33', '银色', '完美定制复刻', '3', '蓝宝石', '手表三针计时', '3', '4', 'uploads/images/2017-03-24/1490357156555.jpg', '4', '江诗丹顿正品套壳');
INSERT INTO `p_watch` VALUES ('965', '9', '3210', '女款', '31', '银白', '积家正品套壳 无敌复刻 定制复刻 表带商务', '6', '蓝宝石', '三针计时', '5', '5', 'uploads/images/2017-03-24/1490357464653.jpg', '4', '积家三针计时');
INSERT INTO `p_watch` VALUES ('966', '28', '3213', '女款', '34', '银白色', '复刻定制 搭载自动机械2892机芯 可独家定制', '1', '蓝宝石', '多功能计时', '3', '3', 'uploads/images/2017-03-24/1490357584128.jpg', '2', '浪琴名匠金典系列机械');
INSERT INTO `p_watch` VALUES ('967', '21', '3421', '女款', '33', '青铜白盘', '这是个描述！', '4', '蓝宝石', '简单三针计时', '5', '4', 'uploads/images/2017-03-24/1490357698162.jpg', '1', '真力时青铜飞行员系列');
INSERT INTO `p_watch` VALUES ('968', '38', '1750', '女款', '33', '银白', '机械男表！入门机械', '2', '蓝宝石', '简单三针计时日历显示', '3', '2', 'uploads/images/2017-03-24/1490357804572.jpg', '1', '商务休闲美度贝伦赛丽系列男表');
INSERT INTO `p_watch` VALUES ('969', '1', '1239', '女款', '33', '银色', '劳力士机械男表 性价比无敌 顶级复刻 ', '6', '蓝宝石', '三针计时', '1', '1', 'uploads/images/2017-03-24/1490354931818.jpg', '1', '劳力士日志款机械男表');
INSERT INTO `p_watch` VALUES ('970', '4', '2129', '女款', '32', '银色', '百达翡丽机械男表多功能复杂计时', '1', '蓝宝石', '多功能复杂计时间', '4', '1', 'uploads/images/2017-03-24/1490355239254.jpg', '2', '百达翡丽机械男表');
INSERT INTO `p_watch` VALUES ('971', '10', '2312', '女款', '34', '银色', '运动橡胶表带 完美复刻  搭载复刻机芯', '2', '蓝宝石', '三针计时', '6', '2', 'uploads/images/2017-03-24/1490355710849.jpg', '1', '爱彼皇家橡树系列');
INSERT INTO `p_watch` VALUES ('972', '2', '3212', '女款', '33', '白色', '欧米茄复刻定制级别  多功能计时', '1', '蓝宝石', '三针多功能计时', '1', '1', 'uploads/images/2017-03-24/1490356101722.jpg', '2', '欧米茄定制级别复刻表');
INSERT INTO `p_watch` VALUES ('973', '11', '3212', '女款', '33', '金色', '卡地亚山度士系列 金典复刻 定制组装', '3', '蓝宝石', '多功能计时', '1', '4', 'uploads/images/2017-03-24/1490356602438.jpg', '4', '卡地亚山度士金典系列');
INSERT INTO `p_watch` VALUES ('974', '3', '1323', '女款', '34', '银色', '万国定制机械男表 真钻包金！', '5', '蓝宝石', '多功能计时', '5', '4', 'uploads/images/2017-03-24/1490356935528.jpg', '2', '万国定制机械男表');
INSERT INTO `p_watch` VALUES ('975', '7', '3431', '女款', '33', '银色', '完美定制复刻', '3', '蓝宝石', '手表三针计时', '3', '4', 'uploads/images/2017-03-24/1490357156555.jpg', '4', '江诗丹顿正品套壳');
INSERT INTO `p_watch` VALUES ('976', '9', '3210', '女款', '31', '银白', '积家正品套壳 无敌复刻 定制复刻 表带商务', '6', '蓝宝石', '三针计时', '5', '5', 'uploads/images/2017-03-24/1490357464653.jpg', '4', '积家三针计时');
INSERT INTO `p_watch` VALUES ('977', '28', '3213', '女款', '34', '银白色', '复刻定制 搭载自动机械2892机芯 可独家定制', '1', '蓝宝石', '多功能计时', '3', '3', 'uploads/images/2017-03-24/1490357584128.jpg', '2', '浪琴名匠金典系列机械');
INSERT INTO `p_watch` VALUES ('978', '21', '3421', '女款', '33', '青铜白盘', '这是个描述！', '4', '蓝宝石', '简单三针计时', '5', '4', 'uploads/images/2017-03-24/1490357698162.jpg', '1', '真力时青铜飞行员系列');
INSERT INTO `p_watch` VALUES ('979', '38', '1750', '女款', '33', '银白', '机械男表！入门机械', '2', '蓝宝石', '简单三针计时日历显示', '3', '2', 'uploads/images/2017-03-24/1490357804572.jpg', '1', '商务休闲美度贝伦赛丽系列男表');
INSERT INTO `p_watch` VALUES ('980', '1', '1239', '女款', '33', '银色', '劳力士机械男表 性价比无敌 顶级复刻 ', '6', '蓝宝石', '三针计时', '1', '1', 'uploads/images/2017-03-24/1490354931818.jpg', '1', '劳力士日志款机械男表');
INSERT INTO `p_watch` VALUES ('981', '4', '2129', '女款', '32', '银色', '百达翡丽机械男表多功能复杂计时', '1', '蓝宝石', '多功能复杂计时间', '4', '1', 'uploads/images/2017-03-24/1490355239254.jpg', '2', '百达翡丽机械男表');
INSERT INTO `p_watch` VALUES ('982', '10', '2312', '女款', '34', '银色', '运动橡胶表带 完美复刻  搭载复刻机芯', '2', '蓝宝石', '三针计时', '6', '2', 'uploads/images/2017-03-24/1490355710849.jpg', '1', '爱彼皇家橡树系列');
INSERT INTO `p_watch` VALUES ('983', '2', '3212', '女款', '33', '白色', '欧米茄复刻定制级别  多功能计时', '1', '蓝宝石', '三针多功能计时', '1', '1', 'uploads/images/2017-03-24/1490356101722.jpg', '2', '欧米茄定制级别复刻表');
INSERT INTO `p_watch` VALUES ('984', '11', '3212', '女款', '33', '金色', '卡地亚山度士系列 金典复刻 定制组装', '3', '蓝宝石', '多功能计时', '1', '4', 'uploads/images/2017-03-24/1490356602438.jpg', '4', '卡地亚山度士金典系列');
INSERT INTO `p_watch` VALUES ('985', '3', '1323', '女款', '34', '银色', '万国定制机械男表 真钻包金！', '5', '蓝宝石', '多功能计时', '5', '4', 'uploads/images/2017-03-24/1490356935528.jpg', '2', '万国定制机械男表');
INSERT INTO `p_watch` VALUES ('986', '7', '3431', '女款', '33', '银色', '完美定制复刻', '3', '蓝宝石', '手表三针计时', '3', '4', 'uploads/images/2017-03-24/1490357156555.jpg', '4', '江诗丹顿正品套壳');
INSERT INTO `p_watch` VALUES ('987', '9', '3210', '女款', '31', '银白', '积家正品套壳 无敌复刻 定制复刻 表带商务', '6', '蓝宝石', '三针计时', '5', '5', 'uploads/images/2017-03-24/1490357464653.jpg', '4', '积家三针计时');
INSERT INTO `p_watch` VALUES ('988', '28', '3213', '女款', '34', '银白色', '复刻定制 搭载自动机械2892机芯 可独家定制', '1', '蓝宝石', '多功能计时', '3', '3', 'uploads/images/2017-03-24/1490357584128.jpg', '2', '浪琴名匠金典系列机械');
INSERT INTO `p_watch` VALUES ('989', '21', '3421', '女款', '33', '青铜白盘', '这是个描述！', '4', '蓝宝石', '简单三针计时', '5', '4', 'uploads/images/2017-03-24/1490357698162.jpg', '1', '真力时青铜飞行员系列');
INSERT INTO `p_watch` VALUES ('990', '38', '1750', '女款', '33', '银白', '机械男表！入门机械', '2', '蓝宝石', '简单三针计时日历显示', '3', '2', 'uploads/images/2017-03-24/1490357804572.jpg', '1', '商务休闲美度贝伦赛丽系列男表');
INSERT INTO `p_watch` VALUES ('991', '1', '1239', '女款', '33', '银色', '劳力士机械男表 性价比无敌 顶级复刻 ', '6', '蓝宝石', '三针计时', '1', '1', 'uploads/images/2017-03-24/1490354931818.jpg', '1', '劳力士日志款机械男表');
INSERT INTO `p_watch` VALUES ('992', '4', '2129', '女款', '32', '银色', '百达翡丽机械男表多功能复杂计时', '1', '蓝宝石', '多功能复杂计时间', '4', '1', 'uploads/images/2017-03-24/1490355239254.jpg', '2', '百达翡丽机械男表');
INSERT INTO `p_watch` VALUES ('993', '10', '2312', '女款', '34', '银色', '运动橡胶表带 完美复刻  搭载复刻机芯', '2', '蓝宝石', '三针计时', '6', '2', 'uploads/images/2017-03-24/1490355710849.jpg', '1', '爱彼皇家橡树系列');
INSERT INTO `p_watch` VALUES ('994', '2', '3212', '女款', '33', '白色', '欧米茄复刻定制级别  多功能计时', '1', '蓝宝石', '三针多功能计时', '1', '1', 'uploads/images/2017-03-24/1490356101722.jpg', '2', '欧米茄定制级别复刻表');
INSERT INTO `p_watch` VALUES ('995', '11', '3212', '女款', '33', '金色', '卡地亚山度士系列 金典复刻 定制组装', '3', '蓝宝石', '多功能计时', '1', '4', 'uploads/images/2017-03-24/1490356602438.jpg', '4', '卡地亚山度士金典系列');
INSERT INTO `p_watch` VALUES ('996', '3', '1323', '女款', '34', '银色', '万国定制机械男表 真钻包金！', '5', '蓝宝石', '多功能计时', '5', '4', 'uploads/images/2017-03-24/1490356935528.jpg', '2', '万国定制机械男表');
INSERT INTO `p_watch` VALUES ('997', '7', '3431', '女款', '33', '银色', '完美定制复刻', '3', '蓝宝石', '手表三针计时', '3', '4', 'uploads/images/2017-03-24/1490357156555.jpg', '4', '江诗丹顿正品套壳');
INSERT INTO `p_watch` VALUES ('998', '9', '3210', '女款', '31', '银白', '积家正品套壳 无敌复刻 定制复刻 表带商务', '6', '蓝宝石', '三针计时', '5', '5', 'uploads/images/2017-03-24/1490357464653.jpg', '4', '积家三针计时');
INSERT INTO `p_watch` VALUES ('999', '28', '3213', '女款', '34', '银白色', '复刻定制 搭载自动机械2892机芯 可独家定制', '1', '蓝宝石', '多功能计时', '3', '3', 'uploads/images/2017-03-24/1490357584128.jpg', '2', '浪琴名匠金典系列机械');
INSERT INTO `p_watch` VALUES ('1000', '21', '3421', '女款', '33', '青铜白盘', '这是个描述！', '4', '蓝宝石', '简单三针计时', '5', '4', 'uploads/images/2017-03-24/1490357698162.jpg', '1', '真力时青铜飞行员系列');
INSERT INTO `p_watch` VALUES ('1001', '38', '1750', '女款', '33', '银白', '机械男表！入门机械', '2', '蓝宝石', '简单三针计时日历显示', '3', '2', 'uploads/images/2017-03-24/1490357804572.jpg', '1', '商务休闲美度贝伦赛丽系列男表');
INSERT INTO `p_watch` VALUES ('1002', '1', '1239', '女款', '33', '银色', '劳力士机械男表 性价比无敌 顶级复刻 ', '6', '蓝宝石', '三针计时', '1', '1', 'uploads/images/2017-03-24/1490354931818.jpg', '1', '劳力士日志款机械男表');
INSERT INTO `p_watch` VALUES ('1003', '4', '2129', '女款', '32', '银色', '百达翡丽机械男表多功能复杂计时', '1', '蓝宝石', '多功能复杂计时间', '4', '1', 'uploads/images/2017-03-24/1490355239254.jpg', '2', '百达翡丽机械男表');
INSERT INTO `p_watch` VALUES ('1004', '10', '2312', '女款', '34', '银色', '运动橡胶表带 完美复刻  搭载复刻机芯', '2', '蓝宝石', '三针计时', '6', '2', 'uploads/images/2017-03-24/1490355710849.jpg', '1', '爱彼皇家橡树系列');
INSERT INTO `p_watch` VALUES ('1005', '2', '3212', '女款', '33', '白色', '欧米茄复刻定制级别  多功能计时', '1', '蓝宝石', '三针多功能计时', '1', '1', 'uploads/images/2017-03-24/1490356101722.jpg', '2', '欧米茄定制级别复刻表');
INSERT INTO `p_watch` VALUES ('1006', '11', '3212', '女款', '33', '金色', '卡地亚山度士系列 金典复刻 定制组装', '3', '蓝宝石', '多功能计时', '1', '4', 'uploads/images/2017-03-24/1490356602438.jpg', '4', '卡地亚山度士金典系列');
INSERT INTO `p_watch` VALUES ('1007', '3', '1323', '女款', '34', '银色', '万国定制机械男表 真钻包金！', '5', '蓝宝石', '多功能计时', '5', '4', 'uploads/images/2017-03-24/1490356935528.jpg', '2', '万国定制机械男表');
INSERT INTO `p_watch` VALUES ('1008', '7', '3431', '女款', '33', '银色', '完美定制复刻', '3', '蓝宝石', '手表三针计时', '3', '4', 'uploads/images/2017-03-24/1490357156555.jpg', '4', '江诗丹顿正品套壳');
INSERT INTO `p_watch` VALUES ('1009', '9', '3210', '女款', '31', '银白', '积家正品套壳 无敌复刻 定制复刻 表带商务', '6', '蓝宝石', '三针计时', '5', '5', 'uploads/images/2017-03-24/1490357464653.jpg', '4', '积家三针计时');
INSERT INTO `p_watch` VALUES ('1010', '28', '3213', '女款', '34', '银白色', '复刻定制 搭载自动机械2892机芯 可独家定制', '1', '蓝宝石', '多功能计时', '3', '3', 'uploads/images/2017-03-24/1490357584128.jpg', '2', '浪琴名匠金典系列机械');
INSERT INTO `p_watch` VALUES ('1011', '21', '3421', '女款', '33', '青铜白盘', '这是个描述！', '4', '蓝宝石', '简单三针计时', '5', '4', 'uploads/images/2017-03-24/1490357698162.jpg', '1', '真力时青铜飞行员系列');
INSERT INTO `p_watch` VALUES ('1012', '38', '1750', '女款', '33', '银白', '机械男表！入门机械', '2', '蓝宝石', '简单三针计时日历显示', '3', '2', 'uploads/images/2017-03-24/1490357804572.jpg', '1', '商务休闲美度贝伦赛丽系列男表');
INSERT INTO `p_watch` VALUES ('1013', '1', '1239', '女款', '33', '银色', '劳力士机械男表 性价比无敌 顶级复刻 ', '6', '蓝宝石', '三针计时', '1', '1', 'uploads/images/2017-03-24/1490354931818.jpg', '1', '劳力士日志款机械男表');
INSERT INTO `p_watch` VALUES ('1014', '4', '2129', '女款', '32', '银色', '百达翡丽机械男表多功能复杂计时', '1', '蓝宝石', '多功能复杂计时间', '4', '1', 'uploads/images/2017-03-24/1490355239254.jpg', '2', '百达翡丽机械男表');
INSERT INTO `p_watch` VALUES ('1015', '10', '2312', '女款', '34', '银色', '运动橡胶表带 完美复刻  搭载复刻机芯', '2', '蓝宝石', '三针计时', '6', '2', 'uploads/images/2017-03-24/1490355710849.jpg', '1', '爱彼皇家橡树系列');
INSERT INTO `p_watch` VALUES ('1016', '2', '3212', '女款', '33', '白色', '欧米茄复刻定制级别  多功能计时', '1', '蓝宝石', '三针多功能计时', '1', '1', 'uploads/images/2017-03-24/1490356101722.jpg', '2', '欧米茄定制级别复刻表');
INSERT INTO `p_watch` VALUES ('1017', '11', '3212', '女款', '33', '金色', '卡地亚山度士系列 金典复刻 定制组装', '3', '蓝宝石', '多功能计时', '1', '4', 'uploads/images/2017-03-24/1490356602438.jpg', '4', '卡地亚山度士金典系列');
INSERT INTO `p_watch` VALUES ('1018', '3', '1323', '女款', '34', '银色', '万国定制机械男表 真钻包金！', '5', '蓝宝石', '多功能计时', '5', '4', 'uploads/images/2017-03-24/1490356935528.jpg', '2', '万国定制机械男表');
INSERT INTO `p_watch` VALUES ('1019', '7', '3431', '女款', '33', '银色', '完美定制复刻', '3', '蓝宝石', '手表三针计时', '3', '4', 'uploads/images/2017-03-24/1490357156555.jpg', '4', '江诗丹顿正品套壳');
INSERT INTO `p_watch` VALUES ('1020', '9', '3210', '女款', '31', '银白', '积家正品套壳 无敌复刻 定制复刻 表带商务', '6', '蓝宝石', '三针计时', '5', '5', 'uploads/images/2017-03-24/1490357464653.jpg', '4', '积家三针计时');
INSERT INTO `p_watch` VALUES ('1021', '28', '3213', '女款', '34', '银白色', '复刻定制 搭载自动机械2892机芯 可独家定制', '1', '蓝宝石', '多功能计时', '3', '3', 'uploads/images/2017-03-24/1490357584128.jpg', '2', '浪琴名匠金典系列机械');
INSERT INTO `p_watch` VALUES ('1022', '21', '3421', '女款', '33', '青铜白盘', '这是个描述！', '4', '蓝宝石', '简单三针计时', '5', '4', 'uploads/images/2017-03-24/1490357698162.jpg', '1', '真力时青铜飞行员系列');
INSERT INTO `p_watch` VALUES ('1023', '38', '1750', '女款', '33', '银白', '机械男表！入门机械', '2', '蓝宝石', '简单三针计时日历显示', '3', '2', 'uploads/images/2017-03-24/1490357804572.jpg', '1', '商务休闲美度贝伦赛丽系列男表');
INSERT INTO `p_watch` VALUES ('1024', '1', '1239', '女款', '33', '银色', '劳力士机械男表 性价比无敌 顶级复刻 ', '6', '蓝宝石', '三针计时', '1', '1', 'uploads/images/2017-03-24/1490354931818.jpg', '1', '劳力士日志款机械男表');
INSERT INTO `p_watch` VALUES ('1025', '4', '2129', '女款', '32', '银色', '百达翡丽机械男表多功能复杂计时', '1', '蓝宝石', '多功能复杂计时间', '4', '1', 'uploads/images/2017-03-24/1490355239254.jpg', '2', '百达翡丽机械男表');
INSERT INTO `p_watch` VALUES ('1026', '10', '2312', '女款', '34', '银色', '运动橡胶表带 完美复刻  搭载复刻机芯', '2', '蓝宝石', '三针计时', '6', '2', 'uploads/images/2017-03-24/1490355710849.jpg', '1', '爱彼皇家橡树系列');
INSERT INTO `p_watch` VALUES ('1027', '2', '3212', '女款', '33', '白色', '欧米茄复刻定制级别  多功能计时', '1', '蓝宝石', '三针多功能计时', '1', '1', 'uploads/images/2017-03-24/1490356101722.jpg', '2', '欧米茄定制级别复刻表');
INSERT INTO `p_watch` VALUES ('1028', '11', '3212', '女款', '33', '金色', '卡地亚山度士系列 金典复刻 定制组装', '3', '蓝宝石', '多功能计时', '1', '4', 'uploads/images/2017-03-24/1490356602438.jpg', '4', '卡地亚山度士金典系列');
INSERT INTO `p_watch` VALUES ('1029', '3', '1323', '女款', '34', '银色', '万国定制机械男表 真钻包金！', '5', '蓝宝石', '多功能计时', '5', '4', 'uploads/images/2017-03-24/1490356935528.jpg', '2', '万国定制机械男表');
INSERT INTO `p_watch` VALUES ('1030', '7', '3431', '女款', '33', '银色', '完美定制复刻', '3', '蓝宝石', '手表三针计时', '3', '4', 'uploads/images/2017-03-24/1490357156555.jpg', '4', '江诗丹顿正品套壳');
INSERT INTO `p_watch` VALUES ('1031', '9', '3210', '女款', '31', '银白', '积家正品套壳 无敌复刻 定制复刻 表带商务', '6', '蓝宝石', '三针计时', '5', '5', 'uploads/images/2017-03-24/1490357464653.jpg', '4', '积家三针计时');
INSERT INTO `p_watch` VALUES ('1032', '28', '3213', '女款', '34', '银白色', '复刻定制 搭载自动机械2892机芯 可独家定制', '1', '蓝宝石', '多功能计时', '3', '3', 'uploads/images/2017-03-24/1490357584128.jpg', '2', '浪琴名匠金典系列机械');
INSERT INTO `p_watch` VALUES ('1033', '21', '3421', '女款', '33', '青铜白盘', '这是个描述！', '4', '蓝宝石', '简单三针计时', '5', '4', 'uploads/images/2017-03-24/1490357698162.jpg', '1', '真力时青铜飞行员系列');
INSERT INTO `p_watch` VALUES ('1034', '38', '1750', '女款', '33', '银白', '机械男表！入门机械', '2', '蓝宝石', '简单三针计时日历显示', '3', '2', 'uploads/images/2017-03-24/1490357804572.jpg', '1', '商务休闲美度贝伦赛丽系列男表');
INSERT INTO `p_watch` VALUES ('1035', '1', '1239', '女款', '33', '银色', '劳力士机械男表 性价比无敌 顶级复刻 ', '6', '蓝宝石', '三针计时', '1', '1', 'uploads/images/2017-03-24/1490354931818.jpg', '1', '劳力士日志款机械男表');
INSERT INTO `p_watch` VALUES ('1036', '4', '2129', '女款', '32', '银色', '百达翡丽机械男表多功能复杂计时', '1', '蓝宝石', '多功能复杂计时间', '4', '1', 'uploads/images/2017-03-24/1490355239254.jpg', '2', '百达翡丽机械男表');
INSERT INTO `p_watch` VALUES ('1037', '10', '2312', '女款', '34', '银色', '运动橡胶表带 完美复刻  搭载复刻机芯', '2', '蓝宝石', '三针计时', '6', '2', 'uploads/images/2017-03-24/1490355710849.jpg', '1', '爱彼皇家橡树系列');
INSERT INTO `p_watch` VALUES ('1038', '2', '3212', '女款', '33', '白色', '欧米茄复刻定制级别  多功能计时', '1', '蓝宝石', '三针多功能计时', '1', '1', 'uploads/images/2017-03-24/1490356101722.jpg', '2', '欧米茄定制级别复刻表');
INSERT INTO `p_watch` VALUES ('1039', '11', '3212', '女款', '33', '金色', '卡地亚山度士系列 金典复刻 定制组装', '3', '蓝宝石', '多功能计时', '1', '4', 'uploads/images/2017-03-24/1490356602438.jpg', '4', '卡地亚山度士金典系列');
INSERT INTO `p_watch` VALUES ('1040', '3', '1323', '女款', '34', '银色', '万国定制机械男表 真钻包金！', '5', '蓝宝石', '多功能计时', '5', '4', 'uploads/images/2017-03-24/1490356935528.jpg', '2', '万国定制机械男表');
INSERT INTO `p_watch` VALUES ('1041', '7', '3431', '女款', '33', '银色', '完美定制复刻', '3', '蓝宝石', '手表三针计时', '3', '4', 'uploads/images/2017-03-24/1490357156555.jpg', '4', '江诗丹顿正品套壳');
INSERT INTO `p_watch` VALUES ('1042', '9', '3210', '女款', '31', '银白', '积家正品套壳 无敌复刻 定制复刻 表带商务', '6', '蓝宝石', '三针计时', '5', '5', 'uploads/images/2017-03-24/1490357464653.jpg', '4', '积家三针计时');
INSERT INTO `p_watch` VALUES ('1043', '28', '3213', '女款', '34', '银白色', '复刻定制 搭载自动机械2892机芯 可独家定制', '1', '蓝宝石', '多功能计时', '3', '3', 'uploads/images/2017-03-24/1490357584128.jpg', '2', '浪琴名匠金典系列机械');
INSERT INTO `p_watch` VALUES ('1044', '21', '3421', '女款', '33', '青铜白盘', '这是个描述！', '4', '蓝宝石', '简单三针计时', '5', '4', 'uploads/images/2017-03-24/1490357698162.jpg', '1', '真力时青铜飞行员系列');
INSERT INTO `p_watch` VALUES ('1045', '38', '1750', '女款', '33', '银白', '机械男表！入门机械', '2', '蓝宝石', '简单三针计时日历显示', '3', '2', 'uploads/images/2017-03-24/1490357804572.jpg', '1', '商务休闲美度贝伦赛丽系列男表');
INSERT INTO `p_watch` VALUES ('1046', '1', '1239', '女款', '33', '银色', '劳力士机械男表 性价比无敌 顶级复刻 ', '6', '蓝宝石', '三针计时', '1', '1', 'uploads/images/2017-03-24/1490354931818.jpg', '1', '劳力士日志款机械男表');
INSERT INTO `p_watch` VALUES ('1047', '4', '2129', '女款', '32', '银色', '百达翡丽机械男表多功能复杂计时', '1', '蓝宝石', '多功能复杂计时间', '4', '1', 'uploads/images/2017-03-24/1490355239254.jpg', '2', '百达翡丽机械男表');
INSERT INTO `p_watch` VALUES ('1048', '10', '2312', '女款', '34', '银色', '运动橡胶表带 完美复刻  搭载复刻机芯', '2', '蓝宝石', '三针计时', '6', '2', 'uploads/images/2017-03-24/1490355710849.jpg', '1', '爱彼皇家橡树系列');
INSERT INTO `p_watch` VALUES ('1049', '2', '3212', '女款', '33', '白色', '欧米茄复刻定制级别  多功能计时', '1', '蓝宝石', '三针多功能计时', '1', '1', 'uploads/images/2017-03-24/1490356101722.jpg', '2', '欧米茄定制级别复刻表');
INSERT INTO `p_watch` VALUES ('1050', '11', '3212', '女款', '33', '金色', '卡地亚山度士系列 金典复刻 定制组装', '3', '蓝宝石', '多功能计时', '1', '4', 'uploads/images/2017-03-24/1490356602438.jpg', '4', '卡地亚山度士金典系列');
INSERT INTO `p_watch` VALUES ('1051', '3', '1323', '女款', '34', '银色', '万国定制机械男表 真钻包金！', '5', '蓝宝石', '多功能计时', '5', '4', 'uploads/images/2017-03-24/1490356935528.jpg', '2', '万国定制机械男表');
INSERT INTO `p_watch` VALUES ('1052', '7', '3431', '女款', '33', '银色', '完美定制复刻', '3', '蓝宝石', '手表三针计时', '3', '4', 'uploads/images/2017-03-24/1490357156555.jpg', '4', '江诗丹顿正品套壳');
INSERT INTO `p_watch` VALUES ('1053', '9', '3210', '女款', '31', '银白', '积家正品套壳 无敌复刻 定制复刻 表带商务', '6', '蓝宝石', '三针计时', '5', '5', 'uploads/images/2017-03-24/1490357464653.jpg', '4', '积家三针计时');
INSERT INTO `p_watch` VALUES ('1054', '28', '3213', '女款', '34', '银白色', '复刻定制 搭载自动机械2892机芯 可独家定制', '1', '蓝宝石', '多功能计时', '3', '3', 'uploads/images/2017-03-24/1490357584128.jpg', '2', '浪琴名匠金典系列机械');
INSERT INTO `p_watch` VALUES ('1055', '21', '3421', '女款', '33', '青铜白盘', '这是个描述！', '4', '蓝宝石', '简单三针计时', '5', '4', 'uploads/images/2017-03-24/1490357698162.jpg', '1', '真力时青铜飞行员系列');
INSERT INTO `p_watch` VALUES ('1056', '38', '1750', '女款', '33', '银白', '机械男表！入门机械', '2', '蓝宝石', '简单三针计时日历显示', '3', '2', 'uploads/images/2017-03-24/1490357804572.jpg', '1', '商务休闲美度贝伦赛丽系列男表');
INSERT INTO `p_watch` VALUES ('1057', '1', '1239', '女款', '33', '银色', '劳力士机械男表 性价比无敌 顶级复刻 ', '6', '蓝宝石', '三针计时', '1', '1', 'uploads/images/2017-03-24/1490354931818.jpg', '1', '劳力士日志款机械男表');
INSERT INTO `p_watch` VALUES ('1058', '4', '2129', '女款', '32', '银色', '百达翡丽机械男表多功能复杂计时', '1', '蓝宝石', '多功能复杂计时间', '4', '1', 'uploads/images/2017-03-24/1490355239254.jpg', '2', '百达翡丽机械男表');
INSERT INTO `p_watch` VALUES ('1059', '10', '2312', '女款', '34', '银色', '运动橡胶表带 完美复刻  搭载复刻机芯', '2', '蓝宝石', '三针计时', '6', '2', 'uploads/images/2017-03-24/1490355710849.jpg', '1', '爱彼皇家橡树系列');
INSERT INTO `p_watch` VALUES ('1060', '2', '3212', '女款', '33', '白色', '欧米茄复刻定制级别  多功能计时', '1', '蓝宝石', '三针多功能计时', '1', '1', 'uploads/images/2017-03-24/1490356101722.jpg', '2', '欧米茄定制级别复刻表');
INSERT INTO `p_watch` VALUES ('1061', '11', '3212', '女款', '33', '金色', '卡地亚山度士系列 金典复刻 定制组装', '3', '蓝宝石', '多功能计时', '1', '4', 'uploads/images/2017-03-24/1490356602438.jpg', '4', '卡地亚山度士金典系列');
INSERT INTO `p_watch` VALUES ('1062', '3', '1323', '女款', '34', '银色', '万国定制机械男表 真钻包金！', '5', '蓝宝石', '多功能计时', '5', '4', 'uploads/images/2017-03-24/1490356935528.jpg', '2', '万国定制机械男表');
INSERT INTO `p_watch` VALUES ('1063', '7', '3431', '女款', '33', '银色', '完美定制复刻', '3', '蓝宝石', '手表三针计时', '3', '4', 'uploads/images/2017-03-24/1490357156555.jpg', '4', '江诗丹顿正品套壳');
INSERT INTO `p_watch` VALUES ('1064', '9', '3210', '女款', '31', '银白', '积家正品套壳 无敌复刻 定制复刻 表带商务', '6', '蓝宝石', '三针计时', '5', '5', 'uploads/images/2017-03-24/1490357464653.jpg', '4', '积家三针计时');
INSERT INTO `p_watch` VALUES ('1065', '28', '3213', '女款', '34', '银白色', '复刻定制 搭载自动机械2892机芯 可独家定制', '1', '蓝宝石', '多功能计时', '3', '3', 'uploads/images/2017-03-24/1490357584128.jpg', '2', '浪琴名匠金典系列机械');
INSERT INTO `p_watch` VALUES ('1066', '21', '3421', '女款', '33', '青铜白盘', '这是个描述！', '4', '蓝宝石', '简单三针计时', '5', '4', 'uploads/images/2017-03-24/1490357698162.jpg', '1', '真力时青铜飞行员系列');
INSERT INTO `p_watch` VALUES ('1067', '38', '1750', '女款', '33', '银白', '机械男表！入门机械', '2', '蓝宝石', '简单三针计时日历显示', '3', '2', 'uploads/images/2017-03-24/1490357804572.jpg', '1', '商务休闲美度贝伦赛丽系列男表');

-- ----------------------------
-- Table structure for t_admin
-- ----------------------------
DROP TABLE IF EXISTS `t_admin`;
CREATE TABLE `t_admin` (
  `a_id` int(11) NOT NULL AUTO_INCREMENT COMMENT '管理员ID',
  `a_account` varchar(255) DEFAULT NULL COMMENT '管理员账户',
  `a_password` varchar(255) DEFAULT NULL COMMENT '管理员密码',
  `a_name` varchar(255) DEFAULT NULL COMMENT '管理员姓名',
  `a_address` varchar(255) DEFAULT NULL COMMENT '管理员地址',
  `a_phone` varchar(11) DEFAULT NULL COMMENT '管理员手机号',
  PRIMARY KEY (`a_id`)
) ENGINE=InnoDB AUTO_INCREMENT=10 DEFAULT CHARSET=utf8;

-- ----------------------------
-- Records of t_admin
-- ----------------------------
INSERT INTO `t_admin` VALUES ('1', '123', 'ICy5YqxZB1uWSwcVLSNLcA==', '郭姜戈', '上海市浦东区', '1212232123');
INSERT INTO `t_admin` VALUES ('2', '12345', '2ETIPWZa1R4+LJRW3nahQw==', '王尼玛', '江西省赣州市', '18879783865');
INSERT INTO `t_admin` VALUES ('9', 'qk', 'JfnnlDI7RTiF9RgfG2JNCw==', '小康', '江西赣州', '18370949034');
